nama_nasabah,jenis_kelamin,umur,jml_pinjaman,jkw,jml_angsuran_per_bulan,type_pinjaman,jenis_pinjaman,bi_sektor_ekonomi,col,bi_golongan_debitur,bi_gol_penjamin,saldo_nominatif,tunggakan_pokok,tunggakan_bunga,status kredit
x1,P,40,345000,1,345000,100,301,6000,1,874,875,345000,345000,0,MACET
x2,L,31,350000,7,55716,100,301,6000,1,874,875,390000,111428,0,MACET
x3,L,,649926,6,108321,100,301,6000,1,874,875,649926,216642,0,MACET
x4,P,2,459168,,38264,100,301,6000,1,874,875,459168,382640,0,MACET
x5,WANITA,34,3055499,8,"381937,41",100,301,6000,1,874,875,3055499,"1527749,48",0,MACET
x6,L,49,2000000,,0,100,301,6000,1,874,875,-85000,0,0,LANCAR
x7,L,,8333334,10,"833333,4",100,301,6000,1,874,875,8333334,"3333333,6",0,MACET
x8,L,27,4435001,8,671098,100,301,6000,1,874,875,4435001,0,0,LANCAR
x9,L,,560000,,95221,100,301,6000,1,874,875,660800,100800,0,MACET
x10,LAKI-LAKI,49,1443750,15,107800,100,301,6000,1,874,875,1617000,1078000,0,MACET
x11,LAKI-LAKI,42,3066000,10,351670,100,301,6000,1,874,875,3066000,613200,90140,MACET
x12,PRIA,26,4071669,20,"203583,45",100,301,6000,1,874,875,3671669,"1228667,6",0,MACET
x13,L,,228655000,,"7495303,73",100,301,6000,1,874,875,209404092,"91612122,24",7362732,MACET
x14,L,55,840000,4,60000,100,301,6000,1,874,875,240000,240000,0,MACET
x15,L,38,3000000,24,147500,100,301,6000,1,874,0,2500000,875000,157500,MACET
x16,WANITA,,1640000,,102500,100,301,6000,1,874,875,1600000,985000,0,MACET
x17,L,41,"930000,01",4,"45000,01",100,301,6000,1,874,0,"180000,01","180000,01",0,MACET
x18,L,26,2000000,20,115000,100,301,6000,1,874,0,1800000,700000,105000,MACET
x19,WANITA,,83337,,"12812,2",100,301,6000,1,874,875,"102497,04","102497,04",0,MACET
x20,L,35,1000000,12,"98333,37",100,301,6000,1,874,875,810000,"643333,3",105000,MACET
x21,L,,6008939,,853353,100,301,6000,1,874,875,5208939,"124452,1",0,MACET
x22,PEREMPUAN,49,4000000,24,"81944,25",100,301,6000,1,874,875,742662,0,0,LANCAR
x23,L,39,3000000,,390000,100,301,6000,1,874,875,3900000,1560000,0,MACET
x24,P,,953000,6,"158833,35",100,301,6000,1,874,875,953000,"317666,66",0,MACET
x25,PEREMPUAN,2,775811,12,"64650,99",100,301,6000,1,874,875,775811,"129301,82",0,MACET
x26,PEREMPUAN,42,860000,8,"88607,16",100,301,6000,1,874,875,708857,708857,0,MACET
x27,PEREMPUAN,49,270000,6,45000,100,301,6000,1,874,875,270000,90000,0,MACET
x28,L,39,583335,12,"52986,25",100,301,6000,1,874,875,635835,"529862,5",0,MACET
x29,L,26,506835,12,"45986,25",100,301,6000,1,874,875,551835,"459862,5",0,MACET
x30,L,50,1500000,8,"192082,53",100,301,9990,1,874,875,"1536657,37","1536657,37",0,MACET
x31,P,42,185169,8,"25021,16",100,301,6000,1,874,875,200169,200169,0,MACET
x32,L,57,486000,8,60750,100,301,6000,1,874,875,486000,486000,0,MACET
x33,L,36,666667,6,"115611,2",100,301,6000,1,874,875,693667,"231222,32",0,MACET
x34,P,58,90000,5,18000,100,301,6000,1,874,875,90000,36000,0,MACET
x35,L,41,10550000,12,"1160416,74",100,301,6000,1,874,875,332500,0,0,LANCAR
x36,L,35,1000000,6,"181666,7",100,301,6000,1,874,875,1090000,"363333,32",0,MACET
x37,P,43,28950000,141,"299114,98",100,301,6000,1,874,875,27399322,0,0,LANCAR
x38,P,49,535835,12,"44652,99",100,301,6000,1,874,875,535835,"446529,1",0,MACET
x39,L,36,6933332,12,"444444,37",100,301,6000,1,874,875,6433332,"3944443,3",0,MACET
x40,P,44,1116263,20,"55813,15",100,301,6000,1,874,875,945263,"387131,5",0,MACET
x41,P,52,610000,6,"106666,7",100,301,6000,1,874,875,640000,"213333,32",0,MACET
x42,L,31,1820000,10,182000,100,301,6000,1,874,875,1585000,0,0,LANCAR
x43,P,35,1458339,8,"218750,68",100,301,6000,1,874,875,"1750005,02","1750005,02",0,MACET
x44,P,36,495000,12,43725,100,301,6000,1,874,875,524700,437250,0,MACET
x45,L,46,4000000,24,"233333,41",100,301,6000,1,874,875,5500000,"2233333,3",0,MACET
x46,P,41,2040000,12,229500,100,301,6000,1,874,875,2754000,2295000,0,MACET
x47,L,28,1430666,12,"119222,24",100,301,6000,1,874,875,1430666,"1192221,6",0,MACET
x48,P,31,187500,5,45500,100,301,6000,1,874,875,227500,403500,0,MACET
x49,P,55,1060000,12,"108333,37",100,301,6000,1,874,875,947000,"770333,3",80000,MACET
x50,P,42,1400000,12,"116666,74",100,301,6000,1,874,800,915000,"564999,94",0,MACET
x51,L,41,"1376666,7",10,"137666,7",100,301,6000,1,874,0,"1046666,7","909000,3",0,MACET
x52,L,44,145000,5,29000,100,301,6000,1,874,0,145000,58000,0,MACET
x53,P,42,124000,5,24800,100,301,6000,1,874,0,124000,49600,0,MACET
x54,P,36,603750,7,120750,100,301,6000,1,874,0,603750,172500,0,MACET
x55,P,31,200000,2,19000,100,301,9990,1,874,874,38000,38000,0,MACET
x56,P,43,"543833,42",5,"108767,02",100,301,6000,1,874,0,"193833,42","85066,4",0,MACET
x57,P,47,1680000,4,510000,100,301,6000,1,874,0,1680000,840000,180000,MACET
x58,L,32,3000000,3,465000,100,301,6000,1,874,0,1125000,1125000,270000,MACET
x59,L,46,"1333333,34",4,"393333,59",100,301,6000,1,874,0,"1333333,34","666666,5",120000,MACET
x60,P,40,1086000,20,54300,100,301,6000,1,874,0,1086000,651600,0,MACET
x61,L,56,"653333,34",9,"60926,77",100,301,6000,1,874,0,"490740,79","490740,79","57595,61",MACET
x62,L,48,900000,3,345000,100,301,6000,1,874,0,900000,600000,90000,MACET
x63,P,41,"666666,68",10,"72666,7",100,301,6000,1,874,0,"666666,68","666666,68",60000,MACET
x64,P,46,3800000,4,1130000,100,301,6000,1,874,0,2850000,950000,310000,MACET
x65,L,45,"333333,36",4,"90833,61",100,301,6000,1,874,0,"333333,36","333333,36",30000,MACET
x66,P,30,1590000,53,34500,100,301,6000,1,874,0,1590000,330000,49500,MACET
x67,P,46,1200000,4,345000,100,301,6000,1,874,0,1000000,400000,90000,MACET
x68,L,67,875000,17,"54529,78",100,301,6000,1,874,0,875000,"566176,38",33649,MACET
x69,L,32,1500000,5,345000,100,301,6000,1,874,0,690000,0,0,LANCAR
x70,P,42,5000000,10,650000,100,301,6000,1,874,0,3500000,2500000,750000,MACET
x71,P,46,1406250,15,105000,100,301,6000,1,874,0,1406250,937500,112500,MACET
x72,L,44,1000000,3,"363333,34",100,301,6000,1,874,0,1000000,"333333,33",30000,MACET
x73,P,40,7000000,46,"173478,41",100,301,6000,1,874,0,"5170780,54","3496867,39",489992,MACET
x74,P,43,1000000,31,"11548,6",100,301,6000,1,874,0,311500,311500,46500,MACET
x75,L,27,1000000,21,"11547,38",100,301,6000,1,874,0,209500,209500,33000,MACET
x76,P,43,10000000,8,1550000,100,301,6000,1,874,0,4950000,2450000,900000,MACET
x77,P,41,1500000,16,"87812,53",100,301,6000,1,874,0,1213750,1213750,191250,MACET
x78,L,43,5000000,10,775000,100,301,6000,1,874,0,2000000,0,0,LANCAR
x79,L,41,1425000,19,86250,100,301,6000,1,874,0,1425000,750000,112500,MACET
x80,P,35,1000000,13,"11423,16",100,301,6000,1,874,0,129000,129000,19500,MACET
x81,L,43,1500000,7,"18535,38",100,301,6000,1,874,0,111750,111750,18000,MACET
x82,P,36,1500000,6,86250,100,301,6000,1,874,0,450000,450000,67500,MACET
x83,P,40,10000000,8,1550000,100,301,6000,1,874,0,3750000,0,0,LANCAR
x84,L,29,16000000,48,"453333,49",100,301,6000,1,874,0,"9996666,71","1329999,97",480000,MACET
x85,L,42,10000000,24,"491666,82",100,301,6000,1,874,0,"2083333,46","1249999,98",225000,MACET
x86,P,36,675000,27,"26519,23",100,301,6000,1,874,0,625000,225000,13709,MACET
x87,P,35,2000000,100,23000,100,301,6000,1,874,0,1540000,1480000,222000,MACET
x88,L,38,1500000,5,345000,100,301,6000,1,874,0,300000,0,0,LANCAR
x89,L,43,1500000,100,17250,100,301,6000,1,874,0,963500,918500,137250,MACET
x90,P,43,5000000,24,"245833,41",100,301,6000,1,874,0,"1041666,73",0,0,LANCAR
x91,P,34,2500000,24,"122916,82",100,301,6000,1,874,0,"625000,12","104166,66",18750,LANCAR
x92,P,32,1000000,100,11500,100,301,6000,1,874,0,310000,260000,38500,MACET
x93,P,43,1500000,5,345000,100,301,6000,1,874,0,300000,0,0,LANCAR
x94,P,42,5000000,24,"245833,41",100,301,6000,1,874,0,"2500000,04","416666,66",75000,LANCAR
x95,P,41,2000000,24,"98333,41",100,301,6000,1,874,0,"833333,38",0,0,LANCAR
x96,P,48,2500000,24,"122916,82",100,301,6000,1,874,0,1457500,"207499,92",37500,LANCAR
x97,P,37,1500000,100,17250,100,301,6000,1,874,0,860250,305250,47250,MACET
x98,P,31,10000000,40,325000,100,301,6000,1,874,0,7250000,0,0,LANCAR
x99,L,40,10000000,144,"79863,04",100,301,6000,1,874,0,"7775006,72","1802784,24",270842,MACET
x100,P,43,1000000,12,"90833,37",100,301,6000,1,874,0,"333333,36","166666,66",15000,LANCAR
x101,P,40,1500000,20,86250,100,301,6000,1,874,0,750000,0,0,LANCAR
x102,P,44,2000000,16,140000,100,301,6000,1,874,0,1244000,494000,60000,MACET
x103,L,38,1000000,12,"90833,37",100,301,6000,1,874,0,"250000,03","83333,33",7500,LANCAR
x104,P,40,1000000,12,"90833,37",100,301,6000,1,874,0,"666666,68","499999,98","58333,32",MACET
x105,L,35,4000000,120,"39333,73",100,301,6000,1,874,0,"2466666,82","166666,65",30000,LANCAR
x106,L,28,2000000,20,115000,100,301,6000,1,874,0,1100000,100000,15000,LANCAR
x107,P,48,2500000,24,"122916,82",100,301,6000,1,874,0,2500000,"1041666,6",187500,MACET
x108,P,36,4000000,24,"196666,82",100,301,6000,1,874,0,"2833333,38","499999,98",90000,MACET
x109,L,34,1500000,20,86250,100,301,6000,1,874,0,900000,75000,11250,LANCAR
x110,L,41,4000000,24,"196666,82",100,301,6000,1,874,0,"2500000,06",0,0,LANCAR
x111,L,43,5000000,24,"245833,41",100,301,6000,1,874,0,"4166666,68","1041666,65",187500,MACET
x112,L,37,2000000,100,23000,100,301,6000,1,874,0,1600000,440000,66000,MACET
x113,P,37,2000000,24,"98333,41",100,301,6000,1,874,0,"1500000,02","249999,99",45000,MACET
x114,P,41,1000000,12,"90833,37",100,301,6000,1,874,0,"666666,68","416666,65",37500,MACET
x115,P,41,1000000,12,"90833,37",100,301,6000,1,874,0,"416666,69","166666,66",15000,LANCAR
x116,P,45,3000000,24,147500,100,301,6000,1,874,0,2250000,250000,45000,LANCAR
x117,L,31,1000000,100,11500,100,301,6000,1,874,0,850000,250000,37000,MACET
x118,P,39,1500000,16,105000,100,301,6000,1,874,0,750000,0,0,LANCAR
x119,P,40,1500000,20,86250,100,301,6000,1,874,0,1050000,75000,11250,LANCAR
x120,L,25,1000000,12,"90833,37",100,301,6000,1,874,0,732500,"315833,31",30000,MACET
x121,L,40,2000000,16,140000,100,301,6000,1,874,0,1125000,0,0,LANCAR
x122,P,35,5000000,24,"245833,41",100,301,6000,1,874,0,"3541666,69",0,0,LANCAR
x123,P,37,2500000,24,"122916,82",100,301,6000,1,874,0,"1872916,7","102083,32",18750,LANCAR
x124,P,41,6000000,32,232500,100,301,6000,1,874,0,5436500,749000,180000,MACET
x125,P,35,7000000,24,"344166,82",100,301,6000,1,874,0,"5541666,7","583333,32",105000,LANCAR
x126,P,36,1500000,20,86250,100,301,6000,1,874,0,1050000,75000,11250,LANCAR
x127,P,32,1500000,80,21000,100,301,6000,1,874,0,1068750,187500,22500,MACET
x128,L,27,2000000,16,140000,100,301,6000,1,874,0,1125000,0,0,LANCAR
x129,P,31,1500000,20,86250,100,301,6000,1,874,0,1050000,0,0,LANCAR
x130,L,29,1000000,100,11500,100,301,6000,1,874,0,686500,0,0,LANCAR
x131,P,32,800000,80,11600,100,301,6000,1,874,0,592000,102000,17600,MACET
x132,P,41,4000000,24,"196666,82",100,301,6000,1,874,0,"3333333,36","333333,32",60000,MACET
x133,P,40,1500000,20,86250,100,301,6000,1,874,0,1045500,0,0,LANCAR
x134,L,21,1500000,5,345000,100,301,6000,1,874,0,900000,0,0,LANCAR
x135,L,41,2000000,24,"98333,41",100,301,6000,1,874,0,"1833333,34","333333,32",60000,MACET
x136,L,32,1500000,5,345000,100,301,6000,1,874,0,900000,0,0,LANCAR
x137,L,40,1000000,3,"363333,34",100,301,6000,1,874,0,666000,0,0,LANCAR
x138,L,27,1000000,3,"363333,34",100,301,6000,1,874,0,665000,0,0,LANCAR
x139,P,38,1500000,120,14750,100,301,6000,1,874,0,1398000,235500,42750,MACET
x140,L,38,5000000,2,2650000,100,301,6000,1,874,0,2500000,0,0,LANCAR
x141,P,42,1500000,5,345000,100,301,6000,1,874,0,1200000,0,0,LANCAR
x142,L,27,1000000,12,"90833,37",100,301,6000,1,874,0,"750000,01","83333,33",7500,LANCAR
x143,L,30,1500000,5,345000,100,301,6000,1,874,0,1500000,0,0,LANCAR
x144,L,25,500000,8,67500,100,301,6000,1,874,0,248000,0,0,LANCAR
x145,L,48,1500000,1,1545000,100,301,6000,1,874,0,1500000,0,0,LANCAR
x146,P,33,3500000,8,542500,100,301,6000,1,874,0,3500000,0,0,LANCAR
x147,P,39,1000000,12,"90833,37",100,301,6000,1,874,0,"750000,01","83333,33",7500,LANCAR
x148,L,34,1000000,12,"90833,37",100,301,6000,1,874,0,"833166,67","166499,99",15000,LANCAR
x149,L,32,2000000,6,"393333,35",100,301,6000,1,874,0,2000000,0,0,LANCAR
x150,L,28,1000000,12,"90833,37",100,301,6000,1,874,0,666000,0,0,LANCAR
x151,P,37,1500000,16,105000,100,301,6000,1,874,0,1218750,93750,11250,LANCAR
x152,L,37,10000000,12,"1133333,37",100,301,6000,1,874,0,10000000,0,0,LANCAR
x153,P,38,1000000,12,"90833,37",100,301,6000,1,874,0,833000,"82999,99",7500,LANCAR
x154,P,46,1500000,16,105000,100,301,6000,1,874,0,1406250,187500,22500,MACET
x155,P,36,1000000,12,"90833,37",100,301,6000,1,874,0,917500,"167499,99",15000,MACET
x156,P,38,1500000,16,105000,100,301,6000,1,874,0,1218750,0,0,LANCAR
x157,P,45,5000000,10,650000,100,301,6000,1,874,0,5000000,0,0,LANCAR
x158,L,23,5000000,10,650000,100,301,6000,1,874,0,5000000,0,0,LANCAR
x159,P,35,1500000,20,86250,100,301,6000,1,874,0,1350000,0,0,LANCAR
x160,P,35,1500000,16,105000,100,301,6000,1,874,0,1312500,0,0,LANCAR
x161,P,41,5000000,10,650000,100,301,6000,1,874,0,5000000,0,0,LANCAR
x162,P,19,1000000,3,"363333,34",100,301,6000,1,874,0,1000000,0,0,LANCAR
x163,L,40,2500000,5,575000,100,301,6000,1,874,0,2500000,0,0,LANCAR
x164,P,28,1500000,5,345000,100,301,6000,1,874,0,1500000,0,0,LANCAR
x165,L,28,1000000,3,"363333,34",100,301,6000,1,874,0,1000000,0,0,LANCAR
x166,P,37,1000000,3,"363333,34",100,301,6000,1,874,0,1000000,0,0,LANCAR
x167,L,32,3000000,6,590000,100,301,6000,1,874,0,3000000,0,0,LANCAR
x168,L,37,4000000,6,"786666,7",100,301,6000,1,874,0,4000000,0,0,LANCAR
x169,L,42,1500000,20,86250,100,301,6000,1,874,0,1200000,0,0,LANCAR
x170,P,41,"325358,64",6,"54228,64",100,301,6000,1,874,875,"325358,64",108452,0,MACET
x171,P,31,"110285,01",5,"22057,01",100,301,6000,1,874,875,"110285,01",44114,0,MACET
x172,L,33,2350000,12,233433,100,301,6000,1,874,875,2350000,391666,75200,MACET
x173,P,36,750000,8,74750,100,301,6000,1,874,875,598000,598000,0,MACET
x174,P,44,530000,8,66250,100,301,6000,1,874,875,530000,530000,0,MACET
x175,P,34,147667,8,"18458,41",100,301,6000,1,874,875,147667,147667,0,MACET
x176,P,40,"395508,52",6,"65918,16",100,301,6000,1,874,875,"395508,52","131836,32",0,MACET
x177,P,35,1000000,6,175056,100,301,6000,1,874,875,"1050335,52",350112,0,MACET
x178,P,33,500000,5,100000,100,301,6000,1,874,875,500000,200000,0,MACET
x179,P,40,"960335,52",6,160056,100,301,6000,1,874,875,"960335,52",320112,0,MACET
x180,P,41,"323669,52",6,53945,100,301,6000,1,874,875,"323669,52",107890,0,MACET
x181,L,48,1600000,10,160000,100,301,6000,1,874,875,"1458651,05","498651,05",0,MACET
x182,P,40,1000000,8,"128387,62",100,301,6000,1,874,875,"1027100,65","1027100,65",0,MACET
x183,L,48,2850000,12,280250,100,301,6000,1,874,875,2850000,475000,0,MACET
x184,P,2,680000,12,"61666,74",100,301,6000,1,874,875,604000,"490666,6",45000,MACET
x185,P,36,496668,12,43889,100,301,6000,1,874,875,334668,246890,0,MACET
x186,P,39,930000,6,"158160,16",100,301,6000,1,874,875,"948960,58","316320,32",0,MACET
x187,P,39,500000,8,32250,100,301,6000,1,874,875,258000,258000,0,MACET
x188,P,41,555000,8,75000,100,301,6000,1,874,875,600000,600000,0,MACET
x189,P,38,345000,5,78000,100,301,6000,1,874,875,390000,156000,0,MACET
x190,L,55,3000000,12,295000,100,301,6000,1,874,875,3304000,2714000,0,MACET
x191,P,40,880000,5,44200,100,301,6000,1,874,835,221000,221000,0,MACET
x192,P,48,"945565,59",6,"157594,33",100,301,6000,1,874,875,"945565,59","315188,66",0,MACET
x193,L,48,320000,3,"106666,68",100,301,6000,1,874,875,320000,320000,0,MACET
x194,P,36,2540000,6,415000,100,301,6000,1,874,875,2490000,2490000,0,MACET
x195,P,38,593334,6,98889,100,301,6000,1,874,875,593334,593334,0,MACET
x196,P,37,2380000,6,"341185,91",100,301,6000,1,874,875,"2047114,21","2047114,21",0,MACET
x197,L,33,920000,5,184000,100,301,6000,1,874,0,320000,136000,0,MACET
x198,L,47,5000000,24,"245833,41",100,301,6000,1,874,0,"3333333,36","833333,32",150000,MACET
x199,L,42,1500000,20,86250,100,301,6000,1,874,0,1200000,225000,33750,MACET
x200,L,35,1500000,16,105000,100,301,6000,1,874,0,937500,0,0,LANCAR
x201,P,32,333334,8,"45416,75",100,301,6000,1,874,875,363334,363334,0,MACET
x202,P,42,725000,24,"30208,41",100,301,6000,1,874,875,725000,"302083,3",0,MACET
x203,L,3,136900,8,"17112,5",100,301,6000,1,874,875,136900,136900,0,MACET
x204,L,3,1567500,10,183750,100,301,6000,1,874,875,1837500,735000,0,MACET
x205,L,53,383750,46,"8342,45",100,301,6000,1,874,875,343750,"43423,9",0,MACET
x206,P,47,561250,16,"36874,78",100,301,6000,1,874,875,"514994,08","293746,2",0,MACET
x207,P,42,511252,7,75689,100,301,6000,1,874,875,529821,151378,0,MACET
x208,P,47,"576650,2",57,"16476,06",100,301,6000,1,874,875,"496650,2","21166,6",0,MACET
x209,P,30,3000000,12,0,100,301,6000,1,874,875,-3000000,0,0,LANCAR
x210,P,30,4000000,12,0,100,301,6000,1,874,875,-4000000,0,0,LANCAR
x211,P,36,1670000,24,"75416,82",100,301,6000,1,874,875,1770000,"714166,6",0,MACET
x212,P,33,126670,12,"10972,5",100,301,6000,1,874,875,131670,109725,0,MACET
x213,L,2,42500000,25,2166000,100,301,6000,1,874,875,41500000,26200000,6064000,MACET
x214,P,30,680000,40,18150,100,301,6000,1,874,875,726000,181500,0,MACET
x215,P,41,840278,12,"76325,28",100,301,6000,1,874,875,"915902,04","763251,6",0,MACET
x216,P,51,1910000,80,"25282,97",100,301,6000,1,874,875,1962606,"192825,7",0,MACET
x217,P,41,1125000,12,"96667,82",100,301,6000,1,874,875,"1160012,08","966676,6",0,MACET
x218,P,40,845000,20,47200,100,301,6000,1,874,875,924000,452000,0,MACET
x219,P,27,975000,28,"37187,56",100,301,6000,1,874,875,"1011244,12","341872,8",0,MACET
x220,P,38,2450000,10,245000,100,301,6000,1,874,875,2400000,930000,0,MACET
x221,P,43,975000,12,"93437,5",100,301,6000,1,874,875,971250,784375,0,MACET
x222,L,50,1655000,50,"33626,32",100,301,6000,1,874,875,1681316,"336263,2",0,MACET
x223,P,44,525000,9,49660,100,301,6000,1,874,875,510250,454225,0,MACET
x224,P,28,2330402,24,"105433,57",100,301,6000,1,874,875,1975402,"499334,1",0,MACET
x225,P,35,1833334,20,0,100,301,6000,1,874,875,1833334,1833334,330000,LANCAR
x226,P,38,1499333,12,"134944,49",100,301,6000,1,874,875,1619333,"1349444,1",0,MACET
x227,P,53,1190000,20,67750,100,301,6000,1,874,875,1355000,677500,0,MACET
x228,P,38,666668,12,"60555,74",100,301,6000,1,874,875,666668,"545556,6",0,MACET
x229,P,50,567501,12,"47291,75",100,301,6000,1,874,875,347501,"252917,5",0,MACET
x230,P,34,215835,12,"17986,25",100,301,6000,1,874,875,165835,"129862,5",0,MACET
x231,P,40,500000,5,115000,100,301,,1,874,875,500000,200000,30000,MACET
x232,P,36,"590004,08",12,"49167,08",100,301,6000,1,874,875,"340004,08",241670,0,MACET
x233,P,36,1559581,20,"92979,05",100,301,6000,1,874,875,1859581,"929790,5",0,MACET
x234,L,31,932500,16,"62812,25",100,301,6000,1,874,875,254996,0,0,LANCAR
x235,L,41,18834999,20,"1435332,95",100,301,6000,1,874,875,3496744,0,493583,MACET
x236,P,29,666667,8,"28333,41",100,301,6000,1,874,875,226667,226667,0,MACET
x237,L,40,650000,13,50000,100,301,6000,1,874,875,650000,500000,0,MACET
x238,P,30,2950001,10,325646,100,301,6000,1,874,875,2950001,2950001,0,MACET
x239,P,37,1340000,12,"111666,74",100,301,6000,1,874,875,1025000,"801666,6",0,MACET
x240,P,46,1739996,16,"108749,75",100,301,6000,1,874,875,1539996,"887497,5",0,MACET
x241,P,29,1499995,16,"95312,3",100,301,6000,1,874,875,1524995,"953121,8",0,MACET
x242,P,3,1335330,15,70372,100,301,6000,1,874,875,895330,227665,0,MACET
x243,P,36,566668,8,"72083,5",100,301,6000,1,874,875,576668,576668,0,MACET
x244,L,34,373000,6,74600,100,301,6000,1,874,875,273000,570600,0,MACET
x245,P,35,2057588,8,"257198,5",100,301,6000,1,874,875,2057588,2057588,0,MACET
x246,P,31,1260000,16,78750,100,301,6000,1,874,0,1050000,577500,0,MACET
x247,L,43,"1436700,15",50,"28734,15",100,301,6000,1,874,0,"1190700,15",41340,0,MACET
x248,P,40,2965000,7,"423571,48",100,301,6000,1,874,0,2965000,"1694285,68",0,MACET
x249,L,40,"1671666,69",17,"98333,35",100,301,6000,1,874,0,"1671666,69","983333,5",0,MACET
x250,P,46,2250000,12,175000,100,301,6000,1,874,0,1875000,1875000,225000,MACET
x251,P,33,"177333,34",3,"62667,35",100,301,6000,1,874,0,"177333,34","177333,34","10668,01",MACET
x252,P,55,"166333,36",1,"286333,36",100,301,6000,1,874,0,"166333,36","166333,36",120000,MACET
x253,P,47,1000000,8,140000,100,301,6000,1,874,0,750000,0,0,LANCAR
x254,L,0,665000,26,27077,100,301,6000,1,874,0,665000,"281346,12",16500,MACET
x255,L,26,3000000,10,390000,100,301,6000,1,874,0,1200000,300000,90000,MACET
x256,L,37,2000000,20,115000,100,301,6000,1,874,0,900000,700000,105000,MACET
x257,L,36,2500000,8,331250,100,301,6000,1,874,0,1250000,937500,56250,MACET
x258,L,54,1000000,12,"90833,37",100,301,6000,1,874,0,"824166,67","407499,98",37500,MACET
x259,P,41,2000000,20,115000,100,301,6000,1,874,0,1500000,200000,30000,LANCAR
x260,P,41,1500000,5,345000,100,301,6000,1,874,0,1200000,600000,90000,MACET
x261,L,29,1000000,5,230000,100,301,6000,1,874,0,1000000,400000,60000,MACET
x262,P,37,2500000,12,"227083,37",100,301,6000,1,874,0,"416666,7",0,0,LANCAR
x263,P,50,3000000,16,210000,100,301,6000,1,874,0,2062500,937500,112500,MACET
x264,P,41,1500000,4,420000,100,301,6000,1,874,0,1125000,0,0,LANCAR
x265,L,50,2500000,16,175000,100,301,6000,1,874,0,1875000,156250,18750,LANCAR
x266,L,44,4000000,16,280000,100,301,6000,1,874,0,2750000,0,0,LANCAR
x267,P,54,3500000,24,"172083,41",100,301,6000,1,874,0,"3062500,01","145833,33",26250,LANCAR
x268,P,36,1500000,11,136250,100,301,6000,1,874,0,1375000,375000,33750,MACET
x269,P,28,1500000,20,86250,100,301,6000,1,874,0,1350000,0,0,LANCAR
x270,L,30,5000000,4,1287500,100,301,6000,1,874,0,3750000,1250000,25000,LANCAR
x271,L,35,5000000,24,"245833,41",100,301,6000,1,874,0,5000000,"208333,33",37500,LANCAR
x272,P,29,2000000,8,265000,100,301,6000,1,874,0,1800000,50000,15000,LANCAR
x273,L,39,5000000,20,287500,100,301,6000,1,874,0,4750000,0,0,LANCAR
x274,L,35,1500000,16,105000,100,301,6000,1,874,0,1500000,0,0,LANCAR
x275,P,37,1500000,20,86250,100,301,6000,1,874,0,1500000,0,0,LANCAR
x276,L,41,550000,20,28325,100,301,6000,1,874,875,566500,283250,0,MACET
x277,L,30,225000,8,13594,100,301,6000,1,874,875,108752,108752,0,MACET
x278,L,40,40000000,40,0,100,301,6000,1,874,875,10000000,0,0,LANCAR
x279,L,43,3000000,6,500000,100,301,6000,1,874,875,3000000,1000000,0,MACET
x280,P,32,690000,8,86250,100,301,6000,1,874,875,690000,690000,0,MACET
x281,L,40,1944442,18,"108024,65",100,301,6000,1,874,875,1644442,"132098,2",0,MACET
x282,P,36,1864998,18,103611,100,301,6000,1,874,875,1864998,414444,0,MACET
x283,P,35,772500,20,38625,100,301,6000,1,874,875,772500,386250,0,MACET
x284,L,53,1095000,63,"17827,49",100,301,6000,1,874,875,"1123094,05","178268,8",0,MACET
x285,L,44,711250,16,"49375,28",100,301,6000,1,874,875,"640002,08","343751,2",0,MACET
x286,L,37,8500000,16,"687500,04",100,301,6000,1,874,875,7866250,4147500,1250000,MACET
x287,P,49,315000,16,"19687,5",100,301,6000,1,874,875,315000,196875,0,MACET
x288,L,25,2170000,12,"180833,37",100,301,6000,1,874,875,1240000,"878333,3",0,MACET
x289,P,32,"1285714,29",7,"200816,25",100,301,6000,1,874,875,"1135714,29","1135714,29","269997,06",MACET
x290,L,46,264284,7,"37754,9",100,301,6000,1,874,875,264284,"75509,7",0,MACET
x291,L,61,1013932,20,"53375,6",100,301,6000,1,874,875,1067512,533756,0,MACET
x292,L,35,405000,12,34375,100,301,6000,1,874,875,412500,343750,0,MACET
x293,P,48,425000,6,"70833,35",100,301,6000,1,874,875,425000,"141666,66",0,MACET
x294,P,54,275000,5,55000,100,301,6000,1,874,875,275000,110000,0,MACET
x295,L,51,415002,12,"37083,5",100,301,6000,1,874,875,445002,370835,0,MACET
x296,P,31,788120,12,"65676,74",100,301,6000,1,874,875,788120,"656766,6",0,MACET
x297,P,27,584250,20,"29212,5",100,301,6000,1,874,875,334250,42125,0,MACET
x298,P,41,"1230000,02",24,"51250,02",100,301,6000,1,874,0,"590000,02",0,0,LANCAR
x299,P,61,860000,6,"143333,35",100,301,6000,1,876,0,860000,860000,0,MACET
x300,P,34,1575000,16,"98437,5",100,301,6000,1,876,0,1175000,584375,0,MACET
x301,L,45,"1233333,34",6,"205555,84",100,301,6000,1,874,0,"1233333,34",411111,0,MACET
x302,P,31,1960000,6,"326666,7",100,301,6000,1,876,0,1960000,1960000,0,MACET
x303,L,32,"646666,67",7,"107777,83",100,301,6000,1,876,0,"646666,67",184762,0,MACET
x304,L,32,1830000,5,462000,100,301,6000,1,874,874,1830000,732000,109800,MACET
x305,L,47,"848571,44",7,"121224,92",100,301,6000,1,874,0,"848571,44","242448,84",0,MACET
x306,L,31,10000000,12,"1033333,37",100,301,6000,1,874,0,"4166666,69","2499999,99",600000,MACET
x307,P,-42,247500,4,70313,100,301,6000,1,874,0,247500,123750,16876,MACET
x308,P,37,"3083333,34",5,"736666,94",100,301,6000,1,874,874,"2416666,68","566666,54",120000,MACET
x309,P,41,750000,3,272500,100,301,6000,1,874,0,345000,95000,0,MACET
x310,P,42,468750,5,93000,100,301,6000,1,874,0,375000,375000,45000,MACET
x311,P,42,1200000,6,236000,100,301,6000,1,874,0,1036000,236000,36000,MACET
x312,L,41,315000,3,"86666,68",100,301,6000,1,874,0,215000,215000,45000,MACET
x313,P,30,893500,12,"163916,7",100,301,6000,1,874,0,616000,"541541,63",60000,MACET
x314,P,37,93750,1,105000,100,301,6000,1,874,0,93750,93750,11250,MACET
x315,P,43,"1500000,02",18,"98333,41",100,301,6000,1,874,0,"1500000,02","916666,63",165000,MACET
x316,L,25,"5536666,69",30,"251055,56",100,301,6000,1,874,0,"5036166,69","1529611,16",532000,MACET
x317,L,33,900000,40,25200,100,301,6000,1,874,0,885000,210000,27000,MACET
x318,L,30,3000000,3,"276666,68",100,301,6000,1,874,0,650000,650000,180000,MACET
x319,P,50,1650000,14,"143077,24",100,301,6000,1,874,0,1550000,"1078571,4",150000,MACET
x320,L,42,1000000,2,140000,100,301,6000,1,874,0,250000,250000,30000,MACET
x321,P,38,3334000,3,"1211333,34",100,301,6000,1,874,0,2834000,"1722666,66",200000,MACET
x322,P,1,2000000,24,"98333,41",100,301,6000,1,874,0,"1583333,35","1499999,94",270000,MACET
x323,P,46,2000000,24,"98333,41",100,301,6000,1,874,0,"1078333,36","994999,95",180000,MACET
x324,P,33,2000000,24,"98333,41",100,301,6000,1,874,0,"166666,74",0,0,LANCAR
x325,P,34,2000000,24,140000,100,301,6000,1,874,0,"993333,36","743333,29",135000,MACET
x326,L,51,2000000,5,472000,100,301,6000,1,874,0,400000,0,0,LANCAR
x327,P,38,2000000,24,"98333,41",100,301,6000,1,874,0,"1361666,68","861666,62",165000,MACET
x328,P,48,2000000,20,115000,100,301,6000,1,874,0,1200000,900000,135000,MACET
x329,P,41,2000000,20,115000,100,301,6000,1,874,0,900000,300000,30000,MACET
x330,P,52,2000000,5,460000,100,301,6000,1,874,0,800000,0,0,LANCAR
x331,P,42,1000000,16,"90833,37",100,301,6000,1,874,0,437500,250000,30000,MACET
x332,P,24,1500000,80,21000,100,301,6000,1,874,0,1050000,768750,92250,MACET
x333,P,39,1000000,16,"90833,37",100,301,6000,1,874,0,812500,625000,75000,MACET
x334,P,41,1500000,5,345000,100,301,6000,1,874,0,900000,0,0,LANCAR
x335,P,27,1500000,20,86250,100,301,6000,1,874,0,952500,427500,78750,MACET
x336,L,41,1500000,16,105000,100,301,6000,1,874,0,656250,281250,33750,MACET
x337,P,37,1500000,20,86250,100,301,6000,1,874,0,900000,300000,45000,MACET
x338,P,47,2000000,20,115000,100,301,6000,1,874,0,1000000,200000,30000,LANCAR
x339,P,27,4000000,5,920000,100,301,6000,1,874,0,3220000,820000,90000,MACET
x340,L,34,1000000,16,70000,100,301,6000,1,874,0,500000,125000,15000,LANCAR
x341,L,52,1000000,12,"90833,37",100,301,6000,1,874,0,"333333,36","166666,66",15000,LANCAR
x342,P,35,3000000,20,172500,100,301,6000,1,874,0,1800000,300000,45000,LANCAR
x343,L,51,1000000,12,"90833,37",100,301,6000,1,874,0,"666666,68","499999,98","46333,32",MACET
x344,L,48,2000000,20,115000,100,301,6000,1,874,0,1425000,325000,60000,MACET
x345,L,30,2000000,16,"181666,74",100,301,6000,1,874,0,1235000,110000,3512,LANCAR
x346,P,48,1500000,20,86250,100,301,6000,1,874,0,823500,0,0,LANCAR
x347,P,48,1500000,16,105000,100,301,6000,1,874,0,937500,0,0,LANCAR
x348,P,33,1500000,16,105000,100,301,6000,1,874,0,1312500,375000,45000,MACET
x349,L,42,2000000,8,265000,100,301,6000,1,874,0,1000000,500000,30000,LANCAR
x350,P,46,2000000,16,140000,100,301,6000,1,874,0,1650000,275000,45000,MACET
x351,L,47,2000000,10,260000,100,301,6000,1,874,0,2000000,200000,60000,LANCAR
x352,P,56,2000000,3,"726666,68",100,301,6000,1,874,0,2000000,0,0,LANCAR
x353,P,34,2000000,40,53000,100,301,6000,1,874,0,1500000,300000,18000,LANCAR
x354,P,36,2000000,60,"36333,53",100,301,6000,1,874,0,"1689000,02","222333,3",21000,LANCAR
x355,P,36,1000000,12,"90833,37",100,301,6000,1,874,0,"833333,34",0,0,LANCAR
x356,P,29,1000000,12,"90833,37",100,301,6000,1,874,0,833000,"82999,99",7500,LANCAR
x357,P,24,2000000,8,310000,100,301,6000,1,874,0,2000000,0,0,LANCAR
x358,P,35,4000000,12,"373333,37",100,301,6000,1,874,0,3666000,0,0,LANCAR
x359,L,45,1500000,1,1650000,100,301,6000,1,874,0,1500000,0,0,LANCAR
x360,P,44,1000000,16,70000,100,301,6000,1,874,0,1000000,187500,22500,MACET
x361,P,51,1000000,12,"90833,37",100,301,6000,1,874,0,"833333,34",0,0,LANCAR
x362,P,-48,500000,8,67500,100,301,6000,1,874,0,500000,62500,5000,LANCAR
x363,P,27,1500000,20,86250,100,301,6000,1,874,0,1424250,0,0,LANCAR
x364,P,45,700000,3,"254333,34",100,301,6000,1,874,0,700000,0,0,LANCAR
x365,L,28,1000000,3,"363333,34",100,301,6000,1,874,0,1000000,0,0,LANCAR
x366,P,34,1000000,12,"90833,37",100,301,6000,1,874,0,1000000,0,0,LANCAR
x367,P,35,2000000,24,"98333,41",100,301,6000,1,874,0,2000000,0,0,LANCAR
x368,L,34,20000000,12,"2266666,74",100,301,6000,1,874,0,20000000,0,0,LANCAR
x369,P,48,22000000,36,"776111,15",100,301,6000,1,874,0,22000000,0,0,LANCAR
x370,P,37,131670,12,"10972,5",100,301,6000,1,874,875,131670,109725,0,MACET
x371,P,25,1385000,20,79375,100,301,6000,1,874,875,1587500,793750,0,MACET
x372,P,41,2000000,12,"196666,74",100,301,6000,1,874,875,2010000,"1616666,6",0,MACET
x373,P,45,1042000,67,"16659,84",100,301,6000,1,874,875,1066204,"116597,6",0,MACET
x374,P,43,1200000,12,115000,100,301,6000,1,874,875,1380000,1150000,0,MACET
x375,P,30,780834,12,"70694,5",100,301,6000,1,874,875,848334,706945,0,MACET
x376,P,39,645000,16,"40312,5",100,301,6000,1,874,875,425000,183125,0,MACET
x377,P,40,451668,10,"45166,8",100,301,6000,1,874,875,451668,"180667,2",0,MACET
x378,P,45,461671,12,"38472,62",100,301,6000,1,874,875,216671,"139725,8",0,MACET
x379,P,27,590834,12,"49236,24",100,301,6000,1,874,875,590834,"98472,32",0,MACET
x380,P,47,1250000,10,112750,100,301,6000,1,874,875,965500,965500,162000,MACET
x381,P,41,1608750,20,"80437,5",100,301,6000,1,874,875,1458750,654375,0,MACET
x382,L,27,2062500,16,"144375,25",100,301,6000,1,874,875,2310004,"1443752,5",0,MACET
x383,P,26,"1176669,47",15,"78445,07",100,301,6000,1,874,875,"826669,47",434446,0,MACET
x384,P,29,682500,20,34125,100,301,6000,1,874,875,603500,262250,0,MACET
x385,L,30,4600000,20,230000,100,301,6000,1,874,0,4000000,1700000,0,MACET
x386,P,30,"545000,02",6,"98333,37",100,301,6000,1,874,0,"545000,02","181666,66",15000,MACET
x387,P,37,1200000,4,345000,100,301,6000,1,874,0,1200000,600000,90000,MACET
x388,P,54,"1666666,72",16,"122916,68",100,301,6000,1,874,0,"1458166,72","833166,8",150000,MACET
x389,P,30,1500000,16,105000,100,301,6000,1,874,0,375000,0,0,LANCAR
x390,P,36,4000000,24,"196666,82",100,301,6000,1,874,0,"2833333,38","833333,3",150000,MACET
x391,P,0,1500000,16,105000,100,301,6000,1,874,0,656250,0,0,LANCAR
x392,L,50,1500000,16,105000,100,301,6000,1,874,0,562500,0,0,LANCAR
x393,P,49,1500000,16,105000,100,301,6000,1,874,0,1218750,375000,45000,MACET
x394,L,35,1000000,12,"90833,37",100,301,6000,1,874,0,"583333,35",0,0,LANCAR
x395,P,42,2500000,16,175000,100,301,6000,1,874,0,1875000,156250,18750,LANCAR
x396,L,42,1000000,12,"90833,37",100,301,6000,1,874,0,"750000,01","166666,66",15000,LANCAR
x397,P,48,1000000,12,"90833,37",100,301,6000,1,874,0,666000,"82666,65",7500,LANCAR
x398,L,29,1500000,16,105000,100,301,6000,1,874,0,1125000,0,0,LANCAR
x399,L,37,1500000,12,136250,100,301,6000,1,874,0,1250000,125000,11250,LANCAR
x400,L,30,2000000,16,140000,100,301,6000,1,874,0,2000000,125000,15000,LANCAR
x401,P,36,1500000,16,105000,100,301,6000,1,874,0,1500000,0,0,LANCAR
x402,P,38,3000000,16,210000,100,301,6000,1,874,0,3000000,0,0,LANCAR
x403,L,61,154169,12,"12847,49",100,301,6000,1,874,875,154169,"128474,1",0,MACET
x404,P,43,1178000,24,"49083,41",100,301,6000,1,874,875,1178000,"490833,3",0,MACET
x405,L,43,865000,20,43250,100,301,6000,1,874,875,765000,332500,0,MACET
x406,P,30,1031250,11,115500,100,301,6000,1,874,0,843750,750000,95000,MACET
x407,P,38,1500000,16,105000,100,301,6000,1,874,0,1031250,0,0,LANCAR
x408,P,43,3000000,6,590000,100,301,6000,1,874,0,3000000,0,0,LANCAR
x409,L,38,3771000,12,"366333,54",100,301,6000,1,874,875,3771000,3142500,0,MACET
x410,L,35,1766001,8,233289,100,301,6000,1,874,875,1766001,1766001,0,MACET
x411,P,39,4600000,12,"383333,37",100,301,6000,1,874,875,4600000,"766666,66",0,MACET
x412,P,46,267669,15,"19344,6",100,301,6000,1,874,875,290169,193446,0,MACET
x413,P,50,666668,12,"60555,74",100,301,6000,1,874,875,726668,"605556,6",0,MACET
x414,L,68,769167,12,"70347,25",100,301,6000,1,874,875,744167,"603472,5",0,MACET
x415,P,42,899550,24,"43106,25",100,301,6000,1,874,875,934550,"331062,5",0,MACET
x416,L,35,"2187500,02",24,"91145,93",100,301,6000,1,874,0,"2062500,02","968749,96",0,MACET
x417,P,29,5000000,32,189063,100,301,6000,1,874,0,3103756,2478756,525008,MACET
x418,L,42,3500000,16,245000,100,301,6000,1,874,0,2406250,0,0,LANCAR
x419,L,47,1395000,30,50063,100,301,6000,1,874,875,1235689,584689,46319,MACET
x420,P,42,190000,38,5000,100,301,6000,1,874,875,190000,50000,0,MACET
x421,P,42,488894,20,"26727,7",100,301,6000,1,874,875,494554,227277,0,MACET
x422,P,44,684800,20,38320,100,301,6000,1,874,875,566400,183200,0,MACET
x423,P,43,16975000,679,25000,100,301,6000,1,874,875,16975000,275000,0,MACET
x424,L,1043,"686667,34",3,"62222,68",100,301,6000,1,874,875,"186667,34","186667,34",0,MACET
x425,L,40,38500000,12,"3208333,37",100,301,6000,1,874,875,7823334,"1406667,3",0,LANCAR
x426,L,37,5500000,12,518750,100,301,6000,1,874,875,5206250,"4255208,3",0,MACET
x427,P,45,1950000,20,121875,100,301,6000,1,874,800,1940000,840000,0,MACET
x428,L,43,"8028495,55",10,"802849,6",100,301,6000,1,874,875,"8028495,55","1605699,2",0,MACET
x429,P,39,1660000,6,"276666,7",100,301,6000,1,874,875,1660000,1660000,0,MACET
x430,P,32,945000,20,47250,100,301,6000,1,874,875,945000,472500,0,MACET
x431,L,43,80000000,48,"2004166,98",100,301,6000,1,874,800,80000000,"26666666,56",5400000,MACET
x432,L,28,430000,6,"71666,7",100,301,6000,1,876,0,430000,"143333,32",0,MACET
x433,L,34,"1761666,67",9,"173518,55",100,301,6000,1,874,0,"1561666,67","1561666,67",0,MACET
x434,L,36,780000,3,"173333,34",100,301,6000,1,874,0,520000,520000,0,MACET
x435,L,44,303750,7,"43392,9",100,301,6000,1,874,0,30750,0,0,LANCAR
x436,P,32,"2065000,01",3,"105000,01",100,301,8000,1,874,874,"315000,01","315000,01",0,MACET
x437,P,36,8000000,15,"693333,38",100,301,6000,1,874,0,"4528000,01","3994666,63",1280000,MACET
x438,P,37,635000,5,127000,100,301,6000,1,874,0,535000,154000,0,MACET
x439,L,41,"2208333,34",6,"368055,84",100,301,6000,1,874,0,"2208333,34",1472222,0,MACET
x440,L,36,5000000,1,650000,100,301,6000,1,874,874,500000,500000,150000,MACET
x441,L,40,8000000,7,"723809,84",100,301,6000,1,874,874,"1333333,4","1333333,4",400000,MACET
x442,L,35,1500000,10,"37107,2",100,301,6000,1,874,0,"276881,76","276881,76","94185,27",MACET
x443,L,43,"1295000,01",24,"53958,42",100,301,6000,1,874,0,"1295000,01","647499,96",0,MACET
x444,P,35,750000,10,71003,100,301,6000,1,874,0,655000,467500,0,MACET
x445,P,45,812500,16,52857,100,301,6000,1,874,0,772500,569375,0,MACET
x446,P,56,3075000,9,"274999,75",100,301,6000,1,874,874,2274999,2274999,"199998,03",MACET
x447,L,34,5000000,12,"541666,74",100,301,6000,1,874,0,"831666,7",0,0,LANCAR
x448,P,36,"666666,68",10,"53566,7",100,301,6000,1,874,0,"493666,68","493666,68",42000,MACET
x449,P,25,2665000,8,"573125,01",100,301,6000,1,874,0,1515000,182500,0,MACET
x450,P,43,1200000,16,86406,100,301,6000,1,874,0,1200000,825000,125466,MACET
x451,L,60,"1241666,68",14,"104761,5",100,301,6000,1,874,0,"1152976,18",886905,"165471,5",MACET
x452,L,60,"583333,35",7,77640,100,301,6000,1,874,0,"533333,35","533333,35",52500,MACET
x453,P,25,812500,13,70000,100,301,6000,1,874,0,812500,687500,82500,MACET
x454,P,45,"871333,52",48,"20360,79",100,301,6000,1,874,0,"835027,94","163375,11","20593,58",MACET
x455,L,38,713500,30,"27383,43",100,301,6000,1,874,0,426700,0,0,LANCAR
x456,P,44,"1322666,84",64,"24416,67",100,301,6000,1,874,0,"786166,84","641500,19",116250,MACET
x457,P,48,800000,4,230000,100,301,6000,1,874,0,600000,200000,30000,MACET
x458,L,31,1640000,16,118438,100,301,6000,1,874,0,1441876,929376,143442,MACET
x459,L,32,1741750,20,"87087,5",100,301,6000,1,874,0,526750,0,0,LANCAR
x460,P,34,1137250,76,"17214,25",100,301,6000,1,874,0,969500,"550512,88",83250,MACET
x461,L,30,1500000,4,420000,100,301,6000,1,874,0,1125000,375000,45000,MACET
x462,L,46,15000000,48,406250,100,301,6000,1,874,0,5343500,343500,187500,MACET
x463,L,47,5000000,10,650000,100,301,6000,1,874,0,2950000,950000,300000,MACET
x464,L,45,"472500,01",12,"42919,01",100,301,6000,1,874,0,"376044,01","376044,01",38984,MACET
x465,P,27,1000000,8,"90833,37",100,301,6000,1,874,0,"666666,68","666666,68",60000,MACET
x466,P,40,1500000,6,295000,100,301,6000,1,874,0,750000,500000,90000,MACET
x467,P,26,3000000,10,390000,100,301,6000,1,874,0,1800000,0,0,LANCAR
x468,P,37,1500000,5,345000,100,301,6000,1,874,0,900000,600000,90000,MACET
x469,L,35,5000000,12,"566666,74",100,301,6000,1,874,0,"3750000,02","416666,66",150000,MACET
x470,L,23,1500000,20,86250,100,301,6000,1,874,0,666750,516750,78750,MACET
x471,P,27,1500000,5,345000,100,301,6000,1,874,0,1200000,900000,135000,MACET
x472,P,45,5000000,20,287500,100,301,6000,1,874,0,2850000,2100000,337500,MACET
x473,P,2,3000000,24,147500,100,301,6000,1,874,0,2000000,1000000,177500,MACET
x474,P,37,1500000,20,86250,100,301,6000,1,874,0,995500,695500,112500,MACET
x475,L,55,1000000,20,57500,100,301,6000,1,874,0,442500,242500,37500,MACET
x476,L,51,5000000,24,"245833,41",100,301,6000,1,874,0,"4370833,34","2287499,96",412500,MACET
x477,P,25,2000000,24,"98333,41",100,301,6000,1,874,0,"1661666,67","828333,29",150000,MACET
x478,L,24,3000000,100,34500,100,301,6000,1,874,0,1320000,360000,54000,MACET
x479,P,34,3000000,24,147500,100,301,6000,1,874,0,1947500,697500,135000,MACET
x480,L,42,1000000,4,"363333,34",100,301,6000,1,874,0,250000,0,0,LANCAR
x481,P,25,1500000,20,86250,100,301,6000,1,874,0,519750,69750,11250,LANCAR
x482,L,47,2000000,24,"98333,41",100,301,6000,1,874,0,"1246666,69","329999,98",60000,MACET
x483,P,0,1500000,16,105000,100,301,6000,1,874,0,375000,93750,11250,LANCAR
x484,L,25,3000000,20,172500,100,301,6000,1,874,0,1345000,0,0,LANCAR
x485,L,53,5000000,16,359375,100,301,6000,1,874,0,1875000,312500,46875,LANCAR
x486,P,28,1500000,20,86250,100,301,6000,1,874,0,1045500,370500,56250,MACET
x487,L,52,1500000,6,295000,100,301,6000,1,874,0,1000000,0,0,LANCAR
x488,L,28,1500000,100,17250,100,301,6000,1,874,0,969750,219750,33750,MACET
x489,P,33,1500000,16,105000,100,301,6000,1,874,0,1125000,562500,67500,MACET
x490,P,31,1000000,12,"90833,37",100,301,6000,1,874,0,332000,"165333,3",15000,LANCAR
x491,L,37,1000000,12,"90833,37",100,301,6000,1,874,0,"250000,03","83333,33",7500,LANCAR
x492,P,36,1000000,12,"90833,37",100,301,6000,1,874,0,"416666,69","166666,66",15000,LANCAR
x493,P,28,3000000,6,590000,100,301,6000,1,874,0,2500000,500000,90000,LANCAR
x494,P,44,1000000,12,"90833,37",100,301,6000,1,874,0,816500,"399833,31",37500,MACET
x495,L,53,500000,5,115000,100,301,6000,1,874,0,400000,0,0,LANCAR
x496,L,0,1000000,3,"363333,34",100,301,6000,1,874,0,720000,"53333,33",30000,MACET
x497,L,27,2000000,6,"393333,35",100,301,6000,1,874,0,"1666666,67",0,0,LANCAR
x498,P,36,1500000,5,345000,100,301,6000,1,874,0,1200000,300000,45000,MACET
x499,P,32,1500000,16,105000,100,301,6000,1,874,0,843750,0,0,LANCAR
x500,P,32,1500000,120,14750,100,301,6000,1,874,0,1321500,246500,45000,MACET
x501,P,23,1500000,20,86250,100,301,6000,1,874,0,1045500,70500,11250,LANCAR
x502,L,30,3000000,24,147500,100,301,6000,1,874,0,2495000,120000,22500,LANCAR
x503,P,21,1500000,16,105000,100,301,6000,1,874,0,1125000,93750,11250,LANCAR
x504,L,30,1000000,12,"90833,37",100,301,6000,1,874,0,749500,"166166,65",15000,LANCAR
x505,P,26,1000000,12,"90833,37",100,301,6000,1,874,0,833000,"249666,65",22500,MACET
x506,L,48,1000000,12,"90833,37",100,301,6000,1,874,0,"750000,01","83333,33",7500,LANCAR
x507,L,28,2000000,24,"98333,41",100,301,6000,1,874,0,"1696666,67","29999,99",15000,LANCAR
x508,P,40,500000,8,66250,100,301,6000,1,874,0,437500,187500,11250,MACET
x509,L,37,10000000,12,"1133333,37",100,301,6000,1,874,0,10000000,0,0,LANCAR
x510,P,41,2000000,4,515000,100,301,6000,1,874,0,2000000,2000000,60000,MACET
x511,P,35,2000000,20,115000,100,301,6000,1,874,0,1800000,100000,15000,LANCAR
x512,P,32,1500000,16,105000,100,301,6000,1,874,0,1406250,187500,22500,LANCAR
x513,P,38,1000000,12,"90833,37",100,301,6000,1,874,0,"750000,01",0,0,LANCAR
x514,P,53,1000000,80,14000,100,301,6000,1,874,0,850000,37500,4500,LANCAR
x515,P,37,500000,2,265000,100,301,6000,1,874,0,350000,0,0,LANCAR
x516,P,30,1500000,3,545000,100,301,6000,1,874,0,1500000,0,0,LANCAR
x517,P,37,2000000,16,140000,100,301,6000,1,874,0,1750000,0,0,LANCAR
x518,P,35,1000000,12,"90833,37",100,301,6000,1,874,0,"833333,34",0,0,LANCAR
x519,P,34,1500000,6,295000,100,301,6000,1,874,0,1500000,0,0,LANCAR
x520,L,30,500000,8,67500,100,301,6000,1,874,0,437500,62500,5000,LANCAR
x521,L,43,3000000,10,390000,100,301,6000,1,874,0,3000000,0,0,LANCAR
x522,P,38,3000000,10,390000,100,301,6000,1,874,0,3000000,0,0,LANCAR
x523,P,39,1500000,12,136250,100,301,6000,1,874,0,1375000,125000,11250,LANCAR
x524,L,34,1300000,6,"255666,7",100,301,6000,1,874,0,1300000,0,0,LANCAR
x525,L,54,2500000,24,"122916,82",100,301,6000,1,874,0,2500000,"104166,66",18750,LANCAR
x526,L,-49,1500000,5,345000,100,301,6000,1,874,0,1500000,0,0,LANCAR
x527,P,76,2000000,6,"393333,35",100,301,6000,1,874,0,2000000,0,0,LANCAR
x528,L,28,3500000,6,"688333,35",100,301,6000,1,874,0,3500000,0,0,LANCAR
x529,P,22,4000000,32,155000,100,301,6000,1,874,0,4000000,0,0,LANCAR
x530,P,40,1000000,12,"90833,37",100,301,6000,1,874,0,1000000,0,0,LANCAR
x531,P,41,5000000,4,1287500,100,301,6000,1,874,0,5000000,0,0,LANCAR
x532,P,33,3000000,24,147500,100,301,6000,1,874,0,3000000,0,0,LANCAR
x533,P,38,1066260,20,"53313,15",100,301,6000,1,874,875,1066260,533130,0,MACET
x534,L,34,2083332,24,"94097,32",100,301,6000,1,874,875,2114332,"796971,6",0,MACET
x535,P,49,530000,12,"44166,74",100,301,6000,1,876,0,530000,"441666,6",0,MACET
x536,P,2,25000000,25,1187500,100,301,6000,1,874,0,12000000,0,0,LANCAR
x537,P,41,10000000,12,"1133333,37",100,301,6000,1,874,0,"5000000,02","833333,33",300000,MACET
x538,P,30,"1785714,29",3,"745238,29",100,301,6000,1,874,0,"1785714,29",1190476,300000,MACET
x539,P,28,1000000,10,130000,100,301,6000,1,874,0,500000,0,0,LANCAR
x540,P,41,6000000,10,660000,100,301,6000,1,874,0,3600000,600000,60000,LANCAR
x541,P,26,1500000,20,86250,100,301,6000,1,874,0,512500,362500,67500,MACET
x542,P,41,1500000,4,420000,100,301,6000,1,874,0,1125000,375000,45000,MACET
x543,L,40,2500000,5,525000,100,301,6000,1,874,0,1500000,0,0,LANCAR
x544,L,47,1500000,5,345000,100,301,6000,1,874,0,1200000,0,0,LANCAR
x545,P,28,2000000,10,260000,100,301,6000,1,874,0,1800000,0,0,LANCAR
x546,P,43,10000000,10,1320000,100,301,6000,1,874,0,9000000,0,0,LANCAR
x547,P,0,1000000,80,14000,100,301,6000,1,874,0,812500,75000,9000,LANCAR
x548,L,45,2000000,2,1060000,100,301,6000,1,874,0,2000000,0,0,LANCAR
x549,P,27,2000000,1,2060000,100,301,6000,1,874,0,2000000,0,0,LANCAR
x550,L,45,1500000,12,136250,100,301,6000,1,874,0,1375000,0,0,LANCAR
x551,P,30,5000000,24,"983333,35",100,301,6000,1,874,0,5000000,0,0,LANCAR
x552,L,40,2000000,12,"226666,74",100,301,6000,1,874,0,2000000,0,0,LANCAR
x553,P,26,245166,6,40861,100,302,6000,1,874,875,95166,13444,0,MACET
x554,L,44,1000000,12,"90833,37",100,302,6000,1,874,0,1000000,1000000,90000,MACET
x555,P,34,5000000,24,"245833,41",100,301,6000,1,874,0,"3958333,35","833333,32",150000,MACET
x556,P,37,10000000,12,"1033333,37",100,302,6000,1,874,0,8334000,"666,66",0,LANCAR
x557,P,25,2000000,3,"726666,68",100,302,6000,1,874,0,"666666,68",0,0,LANCAR
x558,L,31,7000000,14,605000,100,302,6000,1,874,0,5000000,0,0,LANCAR
x559,L,25,5000000,10,650000,100,301,6000,1,874,0,2950000,950000,450000,MACET
x560,P,40,340000,8,42500,100,303,6000,1,874,0,240000,70000,0,MACET
x561,L,-48,330000,8,41250,100,303,6000,1,874,0,330000,82500,0,MACET
x562,L,52,200000,10,20000,100,303,6000,1,874,0,75000,0,0,LANCAR
x563,L,34,10000000,1,10350000,100,303,6000,1,874,0,10000000,0,0,LANCAR
x564,L,28,1140000,12,95000,100,303,6000,1,874,0,1140000,95000,0,LANCAR
x565,P,43,500000,4,125000,100,303,6000,1,874,875,500000,250000,0,MACET
x566,P,34,2500000,12,"208333,37",100,304,6000,1,874,0,2500000,"208333,33",0,MACET
x567,P,43,2500000,12,"208333,37",100,304,6000,1,874,0,2500000,"208333,33",0,MACET
x568,L,38,2500000,12,"208333,37",100,304,6000,1,874,0,2500000,"208333,33",0,MACET
x569,P,44,2500000,10,250000,100,304,6000,1,874,0,2500000,250000,0,MACET
x570,P,28,2500000,12,"208333,37",100,304,6000,1,874,0,2291000,0,0,LANCAR
x571,P,33,"1458333,35",12,"121528,1",100,304,6000,1,876,0,"628333,35",142222,0,MACET
x572,L,80,940000,47,20000,100,305,6000,1,874,875,940000,240000,0,MACET
x573,L,2,116663,5,23333,100,305,6000,1,874,875,116663,46666,0,MACET
x574,L,45,3520000,12,"293333,37",100,305,6000,1,874,875,2920000,0,0,LANCAR
x575,L,44,4520000,12,"376666,74",100,305,6000,1,874,875,4320000,"553333,32",0,MACET
x576,L,45,5000000,12,"416666,74",100,305,6000,1,874,875,5000000,"833333,32",0,MACET
x577,L,45,10000000,10,1000000,100,305,6000,1,874,800,10000000,2000000,0,MACET
x578,L,50,1275000,10,127500,100,305,6000,1,874,875,1275000,1147500,0,MACET
x579,P,60,1200000,12,100000,100,305,6000,1,874,875,"1184064,99","884064,99",0,MACET
x580,L,46,1420000,72,"19722,38",100,305,6000,1,874,875,1420000,"236666,64",0,MACET
x581,L,60,880000,8,110000,100,305,6000,1,874,875,880000,440000,0,MACET
x582,P,35,2312000,50,46240,100,305,6000,1,874,875,2312000,462400,0,MACET
x583,P,28,1000000,10,100000,100,305,6000,1,874,875,1000000,900000,0,MACET
x584,P,29,3200000,10,320000,100,305,6000,1,874,0,2880000,320000,0,MACET
x585,L,38,500000,5,100000,100,305,6000,1,874,875,400000,300000,0,MACET
x586,P,52,950000,4,237500,100,305,6000,1,874,0,275000,0,0,LANCAR
x587,P,54,2000000,14,200000,100,305,6000,1,874,0,"971428,58","685714,26",0,MACET
x588,P,43,700000,50,14000,100,305,6000,1,874,875,700000,140000,0,MACET
x589,P,49,239668,10,"23966,8",100,305,6000,1,874,875,176668,"152701,2",0,MACET
x590,P,29,2500000,12,"208333,37",100,305,6000,1,874,0,"1033333,34","199999,98",0,MACET
x591,L,56,400000,12,"33333,37",100,305,6000,1,874,875,400000,"299999,97",0,MACET
x592,L,34,581335,10,"58133,5",100,305,6000,1,874,875,581335,"523201,5",0,MACET
x593,P,27,2500000,12,"208333,37",100,305,6000,1,874,0,"1457666,67","624333,31",0,MACET
x594,L,61,1320000,50,26400,100,305,6000,1,874,875,1320000,264000,0,MACET
x595,P,37,2500000,10,250000,100,305,6000,1,874,0,1500000,750000,0,MACET
x596,P,35,650000,5,130000,100,305,6000,1,876,0,300000,0,0,LANCAR
x597,L,33,2000000,12,"166666,74",100,305,6000,1,874,0,499000,0,0,LANCAR
x598,L,26,2000000,12,"166666,74",100,305,6000,1,874,0,1280000,"779999,94",0,MACET
x599,L,42,2000000,12,"166666,74",100,305,6000,1,874,0,1165000,"331666,62",0,MACET
x600,P,26,8000000,8,1000000,100,305,6000,1,874,0,8000000,0,0,LANCAR
x601,L,37,175000,4,43750,100,301,6000,2,874,875,175000,175000,0,MACET
x602,P,51,310000,10,38800,100,301,6000,2,874,875,388000,388000,0,MACET
x603,P,35,1380000,10,138000,100,301,6000,2,874,875,1380000,1380000,0,MACET
x604,P,37,2000000,10,236000,100,301,6000,2,874,875,2124000,2124000,0,MACET
x605,L,42,1000000,10,115000,100,301,6000,2,874,875,1150000,1150000,0,MACET
x606,P,38,1500000,10,"184999,82",100,301,6000,2,874,875,"1551998,02","1551998,02",0,MACET
x607,P,40,603750,10,60375,100,301,6000,2,874,875,603750,603750,0,MACET
x608,P,35,695000,10,78500,100,301,6000,2,874,875,641000,641000,0,MACET
x609,L,37,1500000,10,172500,100,301,6000,2,874,875,1590000,1590000,0,MACET
x610,P,44,680000,10,68000,100,301,6000,2,874,875,288000,288000,0,MACET
x611,L,43,6000000,10,840000,100,301,6000,2,874,875,6700000,6700000,0,MACET
x612,P,41,1200000,10,142500,100,301,6000,2,874,875,1425000,1425000,0,MACET
x613,P,35,900000,10,103000,100,301,6000,2,834,800,890000,890000,0,MACET
x614,L,43,406667,10,"42666,7",100,301,6000,2,874,875,406667,406667,20000,MACET
x615,P,29,2725000,10,272500,100,301,6000,2,874,0,2465000,2465000,0,MACET
x616,P,32,783500,11,"82477,3",100,301,6000,2,874,0,783500,783500,123750,MACET
x617,P,49,"583333,35",7,"90833,67",100,301,6000,2,874,0,"583333,35","583333,35",52500,MACET
x618,P,43,"583333,35",7,"90833,67",100,301,6000,2,874,0,"583333,35","583333,35",52500,MACET
x619,P,53,"666666,67",2,"365000,5",100,301,6000,2,874,0,"298333,67","298333,67","31667,01",MACET
x620,P,53,"416666,69",5,"90833,4",100,301,6000,2,874,0,"416666,69","416666,69",37500,MACET
x621,P,28,"833333,34",10,"129761,96",100,301,6000,2,874,0,"833333,34","833333,34",75000,MACET
x622,P,43,850000,34,26500,100,301,6000,2,874,0,850000,850000,51000,MACET
x623,L,-7162,750000,8,105000,100,301,6000,2,874,0,750000,750000,90000,MACET
x624,P,40,"666666,68",8,"145333,4",100,301,6000,2,874,0,"666666,68","666666,68",60000,MACET
x625,P,48,"833333,34",10,113542,100,301,6000,2,874,0,"833333,34","833333,34",75000,MACET
x626,P,38,"499500,01",6,"136125,01",100,301,6000,2,874,0,"499500,01","499500,01",45000,MACET
x627,P,32,"490833,35",6,"107166,95",100,301,6000,2,874,0,"398333,35","398333,35",37500,MACET
x628,P,41,1000000,40,27250,100,301,6000,2,874,0,1000000,1000000,90000,MACET
x629,L,46,1123750,9,"136111,12",100,301,6000,2,874,0,1123750,1123750,101250,MACET
x630,P,25,1000000,100,11500,100,301,6000,2,874,0,460000,460000,69000,MACET
x631,P,39,3000000,24,147500,100,301,6000,2,874,0,1625000,1625000,292500,MACET
x632,L,39,5000000,24,"245833,41",100,301,6000,2,874,0,"208333,41","208333,41",37500,MACET
x633,P,32,1000000,100,11500,100,301,6000,2,874,0,100000,100000,15500,MACET
x634,L,43,1000000,100,11500,100,301,6000,2,874,0,1000000,1000000,150000,MACET
x635,P,30,1500000,20,86250,100,301,6000,2,874,0,1152250,1152250,168750,MACET
x636,P,46,2000000,24,"98333,41",100,301,6000,2,874,0,"583333,39","583333,39",105000,MACET
x637,P,38,1000000,100,11500,100,301,6000,2,874,0,167000,167000,25500,MACET
x638,L,43,1000000,100,11500,100,301,6000,2,874,0,787000,787000,118500,MACET
x639,P,48,1500000,16,105000,100,301,6000,2,874,0,1218750,1218750,146250,MACET
x640,P,38,1000000,12,"90833,37",100,301,6000,2,874,0,"833333,34","833333,34",75000,MACET
x641,L,39,8000000,100,89600,100,301,6000,2,874,0,2274400,2274400,278400,MACET
x642,P,40,2500000,20,143750,100,301,6000,2,874,0,1000000,1000000,150000,MACET
x643,L,36,1000000,12,"90833,37",100,301,6000,2,874,0,666000,666000,60000,MACET
x644,L,40,2000000,16,140000,100,301,6000,2,874,0,250000,250000,30000,MACET
x645,P,37,1500000,12,136250,100,301,6000,2,874,0,750000,750000,67500,MACET
x646,L,48,1500000,1,1545000,100,301,6000,2,874,0,700000,700000,45000,MACET
x647,L,34,1200000,10,138000,100,301,6000,2,874,875,1144000,1144000,0,MACET
x648,P,42,1090000,10,109000,100,301,6000,2,874,875,940000,940000,0,MACET
x649,P,39,600000,10,69000,100,301,6000,2,874,875,554000,554000,0,MACET
x650,L,41,1500000,10,172500,100,301,6000,2,874,875,1520000,1520000,0,MACET
x651,P,35,1710000,10,190000,100,301,6000,2,874,800,1678000,1678000,0,MACET
x652,L,38,1750000,10,175000,100,301,6000,2,874,800,1115000,1115000,0,MACET
x653,P,38,1000000,100,11500,100,301,6000,2,874,0,608500,608500,91500,MACET
x654,L,40,336461,10,"33646,1",100,301,6000,2,874,875,336461,336461,0,MACET
x655,L,36,2333332,10,"233333,2",100,301,6000,2,874,875,2333332,2333332,0,MACET
x656,P,40,670000,10,67000,100,301,6000,2,874,875,"627210,53","627210,53",0,MACET
x657,L,39,390000,10,48000,100,301,6000,2,874,875,390000,390000,0,MACET
x658,L,40,100000000,20,0,100,301,6000,2,874,875,62000000,57000000,11000000,MACET
x659,L,33,447500,10,44750,100,301,6000,2,874,875,427500,427500,0,MACET
x660,P,41,2950000,8,368750,100,301,6000,2,874,0,1450000,1450000,0,MACET
x661,P,36,538000,8,"89714,18",100,301,6000,2,874,0,399250,399250,78750,MACET
x662,P,32,220000,4,55000,100,301,6000,2,874,0,220000,220000,0,MACET
x663,P,2,2300000,10,230000,100,301,6000,2,874,0,711000,711000,0,MACET
x664,P,48,1500000,16,105000,100,301,6000,2,874,0,882500,882500,112500,MACET
x665,L,39,896000,24,47500,100,301,6000,2,874,0,594000,594000,36000,MACET
x666,P,46,3000000,16,210000,100,301,6000,2,874,0,1125000,1125000,135000,MACET
x667,P,31,1500000,20,86250,100,301,6000,2,874,0,352500,352500,56250,MACET
x668,P,35,3000000,20,172500,100,301,6000,2,874,0,450000,450000,67500,MACET
x669,P,29,1500000,16,105000,100,301,6000,2,874,0,1125000,1125000,145000,MACET
x670,P,48,100000,10,11500,100,301,6000,2,874,800,115000,115000,0,MACET
x671,P,2,1030000,10,103000,100,301,6000,2,874,875,1030000,1030000,0,MACET
x672,L,39,7083331,15,"586444,26",100,301,6000,2,874,875,"772440,76","772440,76","228444,1",MACET
x673,P,23,2255000,10,225500,100,301,6000,2,874,875,1055000,1055000,0,MACET
x674,L,37,3000000,12,340000,100,301,6000,2,874,874,2150000,2150000,810000,MACET
x675,L,27,630000,10,71750,100,301,6000,2,874,0,563750,563750,78750,MACET
x676,P,33,203000,7,"39083,35",100,301,6000,2,874,0,132000,132000,22500,MACET
x677,P,30,300000,8,43500,100,301,6000,2,874,0,300000,300000,48000,MACET
x678,L,31,472500,4,165000,100,301,6000,2,874,0,472500,472500,22500,MACET
x679,L,30,600000,2,350000,100,301,6000,2,874,0,600000,600000,100000,MACET
x680,P,35,1500000,6,295000,100,301,6000,2,874,0,90000,90000,45000,MACET
x681,L,55,1280000,11,137508,100,301,6000,2,874,0,1093636,1093636,"136360,04",MACET
x682,L,38,1500000,20,86250,100,301,6000,2,874,0,214000,214000,33750,MACET
x683,L,49,1000000,100,11500,100,301,6000,2,874,0,450000,450000,67000,MACET
x684,P,38,1000000,12,"90833,37",100,301,6000,2,874,0,833000,833000,75000,MACET
x685,P,44,"83333,33",1,"90833,33",100,301,6000,2,874,0,"83333,33","83333,33",7500,MACET
x686,P,39,3000000,24,147500,100,301,6000,2,874,0,997500,997500,180000,MACET
x687,P,50,500000,16,35000,100,301,6000,2,874,0,125000,125000,15000,MACET
x688,L,42,582500,7,"90714,32",100,301,6000,2,874,0,582500,582500,52500,MACET
x689,P,43,1000000,16,70000,100,301,6000,2,874,0,562500,562500,67500,MACET
x690,P,48,2000000,24,"98333,41",100,301,6000,2,874,0,1831000,1831000,330000,MACET
x691,L,53,5000000,24,"245833,41",100,301,6000,2,874,0,"3112500,02","3112500,02",562500,MACET
x692,P,31,1000000,20,"90833,37",100,301,6000,2,874,0,550000,550000,82500,MACET
x693,L,44,1500000,20,86250,100,301,6000,2,874,0,962500,962500,146250,MACET
x694,P,42,500000,60,"9333,53",100,301,6000,2,874,0,178000,178000,22000,MACET
x695,L,28,"660500,01",8,"90062,51",100,301,6000,2,874,0,"402000,01","402000,01",37500,MACET
x696,P,36,700000,100,7840,100,301,6000,2,874,0,235440,235440,28560,MACET
x697,P,37,2000000,16,140000,100,301,6000,2,874,0,935000,935000,105000,MACET
x698,P,40,1500000,12,136250,100,301,6000,2,874,0,1111250,1111250,101250,MACET
x699,P,45,1000000,16,"90833,37",100,301,6000,2,874,0,595000,595000,75000,MACET
x700,L,48,2000000,20,115000,100,301,6000,2,874,0,395000,395000,45000,MACET
x701,P,44,900000,11,"91636,22",100,301,6000,2,874,0,198544,198544,"29454,02",MACET
x702,P,61,1000000,100,11500,100,301,6000,2,874,0,434000,434000,65500,MACET
x703,L,40,1000000,12,"90833,37",100,301,6000,2,874,0,"368946,67","368946,67",37500,MACET
x704,L,40,3000000,20,172500,100,301,6000,2,874,0,450000,450000,67500,MACET
x705,L,26,1000000,16,70000,100,301,6000,2,874,0,500000,500000,60000,MACET
x706,P,49,1500000,16,105000,100,301,6000,2,874,0,562500,562500,67500,MACET
x707,L,49,1500000,16,105000,100,301,6000,2,874,0,848750,848750,101250,MACET
x708,P,32,2000000,12,"181666,74",100,301,6000,2,874,0,"1130000,02","1130000,02",105000,MACET
x709,P,28,3000000,16,210000,100,301,6000,2,874,0,1705000,1705000,225000,MACET
x710,P,54,1000000,16,"90833,37",100,301,6000,2,874,0,782500,782500,97500,MACET
x711,L,40,1000000,12,"90833,37",100,301,6000,2,874,0,"380166,68","380166,68",37500,MACET
x712,P,35,680000,5,154000,100,301,6000,2,874,875,516000,516000,54000,MACET
x713,P,31,499999,10,"58999,9",100,301,6000,2,874,875,589999,589999,0,MACET
x714,L,33,"666666,72",8,"98333,37",100,301,6000,2,874,874,"583333,35","583333,35",105000,MACET
x715,P,46,"930416,76",11,"99924,36",100,301,6000,2,874,0,"58826,76","58826,76","15341,1",LANCAR
x716,L,43,437500,7,"66214,04",100,301,6000,2,874,0,437500,437500,"25998,04",MACET
x717,L,38,2480000,10,248000,100,301,6000,2,874,875,1988000,1988000,0,MACET
x718,L,33,921260,10,92126,100,301,6000,2,874,875,771260,771260,0,MACET
x719,P,47,1020000,10,121325,100,301,6000,2,874,875,673000,673000,0,MACET
x720,L,37,195000,10,20085,100,301,6000,2,874,875,200850,200850,0,MACET
x721,P,39,10000000,24,0,100,301,6000,2,874,875,1666660,1666660,400000,MACET
x722,L,40,1130000,10,113000,100,301,6000,2,874,0,930000,930000,0,MACET
x723,P,45,875000,7,140000,100,301,6000,2,874,0,875000,875000,105000,MACET
x724,L,,632728,11,"62727,86",100,301,6000,2,874,0,632728,632728,"57277,06",MACET
x725,P,19,"833333,34",10,"100925,97",100,301,6000,2,874,0,"749833,34","749833,34",67500,MACET
x726,L,25,750000,10,86438,100,301,6000,2,874,0,750000,750000,114380,MACET
x727,P,48,521000,6,"94333,35",100,301,6000,2,874,0,481000,481000,45000,MACET
x728,P,40,"499833,35",6,"90805,85",100,301,6000,2,874,0,"499833,35","499833,35",45000,MACET
x729,P,47,347000,7,"55571,48",100,301,6000,2,874,0,347000,347000,42000,MACET
x730,P,45,"574166,68",7,"89523,85",100,301,6000,2,874,0,"481666,68","481666,68",45000,MACET
x731,P,-47,"833333,34",10,"90833,64",100,301,6000,2,874,0,"833333,34","833333,34",75000,MACET
x732,P,53,"130000,02",2,"145000,02",100,301,6000,2,874,0,"130000,02","130000,02",15000,MACET
x733,P,24,2500000,7,"432142,9",100,301,6000,2,874,0,2500000,2500000,525000,MACET
x734,P,35,"499833,35",6,"136208,6",100,301,6000,2,874,0,"499833,35","499833,35",45000,MACET
x735,L,30,297500,5,64500,100,301,6000,2,874,0,297500,297500,25000,MACET
x736,P,29,218750,4,"58437,5",100,301,6000,2,874,0,218750,218750,15000,MACET
x737,L,65,"666333,34",8,"103761,88",100,301,6000,2,874,0,"666333,34","666333,34",60000,MACET
x738,L,33,812750,11,93650,100,301,6000,2,874,0,812750,812750,123750,MACET
x739,L,-44,1000000,5,230000,100,301,6000,2,874,0,1000000,1000000,150000,MACET
x740,L,47,1000000,5,230000,100,301,6000,2,874,0,600000,600000,90000,MACET
x741,L,35,750000,8,168000,100,301,6000,2,874,0,468750,468750,56250,MACET
x742,P,64,1500000,20,86250,100,301,6000,2,874,0,475000,475000,78750,MACET
x743,P,58,1000000,100,11500,100,301,6000,2,874,0,136000,136000,21000,MACET
x744,P,36,1000000,100,11500,100,301,6000,2,874,0,753500,753500,112500,MACET
x745,P,36,1500000,20,86250,100,301,6000,2,874,0,810250,810250,123750,MACET
x746,P,32,1000000,100,11500,100,301,6000,2,874,0,612000,612000,93000,MACET
x747,L,30,1000000,16,70000,100,301,6000,2,874,0,312500,312500,37500,MACET
x748,P,36,1500000,100,17250,100,301,6000,2,874,0,692750,692750,105750,MACET
x749,P,29,1500000,100,17250,100,301,6000,2,874,0,823000,823000,123750,MACET
x750,L,44,1500000,20,86250,100,301,6000,2,874,0,894000,894000,135000,MACET
x751,L,52,1500000,100,21563,100,301,6000,2,874,0,1390750,1390750,209250,MACET
x752,P,23,1000000,12,"90833,37",100,301,6000,2,874,0,"74166,7","74166,7",7500,MACET
x753,P,34,1000000,12,"90833,37",100,301,6000,2,874,0,"668666,67","668666,67",67500,MACET
x754,P,34,1500000,20,86250,100,301,6000,2,874,0,750000,750000,112500,MACET
x755,P,52,1000000,12,"90833,37",100,301,6000,2,874,0,"416333,35","416333,35",37500,MACET
x756,P,58,1500000,20,86250,100,301,6000,2,874,0,218250,218250,33750,MACET
x757,L,45,1500000,5,345000,100,301,6000,2,874,0,300000,300000,40000,LANCAR
x758,L,0,1500000,16,105000,100,301,6000,2,874,0,843750,843750,101250,MACET
x759,L,41,1500000,80,21000,100,301,6000,2,874,0,572500,572500,67500,MACET
x760,P,25,1500000,100,17250,100,301,6000,2,874,0,1080000,1080000,164000,MACET
x761,P,24,1500000,16,105000,100,301,6000,2,874,0,700000,700000,90000,MACET
x762,L,38,1000000,16,70000,100,301,6000,2,874,0,812500,812500,97500,MACET
x763,P,36,1000000,12,"90833,37",100,301,6000,2,874,0,429000,429000,45000,MACET
x764,L,28,2000000,10,260000,100,301,6000,2,874,0,600000,600000,180000,MACET
x765,P,31,1312500,7,198750,100,301,6000,2,874,0,1312500,1312500,78750,MACET
x766,P,36,2000000,4,550000,100,301,6000,2,874,0,1000000,1000000,100000,MACET
